modelo,accuracy,precision,recall,f1_score
Random_Forest,0.723,0.41025641025641024,0.6728971962616822,0.5097345132743363
Regresion_Logistica,0.726,0.4127906976744186,0.6635514018691588,0.5089605734767025
Arbol_Decision,0.701,0.3816155988857939,0.6401869158878505,0.4781849912739965
Gradient_Boosting,0.773,0.3333333333333333,0.06074766355140187,0.10276679841897234
